{
  "asian_mc_ci_hw_cv": 0.0028361807476890988,
  "asian_mc_price_cv": 5.364317776797373,
  "basket_mc_ci_hw_cv": 0.00977330580880853,
  "basket_mc_price_cv": 7.101069420464754,
  "bs_call_price": 8.433318690109608,
  "bs_put_price": 7.438302065026413,
  "crr_american_put": 8.668273613254852,
  "implied_vol_call": 0.20000000000106755
}